transport,platform,algo,path,latency_ms
QUIC,sensor_rpi4,ECDSAP256,sensor_rpi4,50.856079
QUIC,sensor_rpi4,ECDSAP256,sensor_rpi4,54.601417
QUIC,sensor_rpi4,ECDSAP256,sensor_rpi4,58.612172
QUIC,sensor_rpi4,ECDSAP256,sensor_rpi4,54.709354
QUIC,sensor_rpi4,ECDSAP256,sensor_rpi4,53.363209
QUIC,sensor_rpi4,ECDSAP256,sensor_rpi4,54.649551
QUIC,sensor_rpi4,ECDSAP256,sensor_rpi4,54.932754
QUIC,sensor_rpi4,ECDSAP256,sensor_rpi4,54.881408
QUIC,sensor_rpi4,ECDSAP256,sensor_rpi4,58.530068
QUIC,sensor_rpi4,ECDSAP256,sensor_rpi4,54.610346
QUIC,sensor_rpi4,ECDSAP256,sensor_rpi4,57.162828
QUIC,sensor_rpi4,ECDSAP256,sensor_rpi4,54.70558
QUIC,sensor_rpi4,ECDSAP256,sensor_rpi4,54.67877
QUIC,sensor_rpi4,ECDSAP256,sensor_rpi4,55.521952
QUIC,sensor_rpi4,ECDSAP256,sensor_rpi4,53.93888
QUIC,sensor_rpi4,ECDSAP256,sensor_rpi4,54.296463
QUIC,sensor_rpi4,ECDSAP256,sensor_rpi4,54.588546
QUIC,sensor_rpi4,ECDSAP256,sensor_rpi4,54.877402
QUIC,sensor_rpi4,ECDSAP256,sensor_rpi4,56.267032
QUIC,sensor_rpi4,ECDSAP256,sensor_rpi4,57.25331
QUIC,sensor_rpi4,ECDSAP256,sensor_rpi4,54.722584
QUIC,sensor_rpi4,ECDSAP256,sensor_rpi4,54.742444
QUIC,sensor_rpi4,ECDSAP256,sensor_rpi4,54.428895
QUIC,sensor_rpi4,ECDSAP256,sensor_rpi4,54.497221
QUIC,sensor_rpi4,ECDSAP256,sensor_rpi4,54.311037
QUIC,sensor_rpi4,ECDSAP256,sensor_rpi4,54.35274
QUIC,sensor_rpi4,ECDSAP256,sensor_rpi4,54.448078
QUIC,sensor_rpi4,ECDSAP256,sensor_rpi4,54.95777
QUIC,sensor_rpi4,ECDSAP256,sensor_rpi4,54.405355
QUIC,sensor_rpi4,ECDSAP256,sensor_rpi4,55.423482
QUIC,sensor_rpi4,ECDSAP256,sensor_rpi4,52.189328
QUIC,sensor_rpi4,ECDSAP256,sensor_rpi4,56.474545
QUIC,sensor_rpi4,ECDSAP256,sensor_rpi4,54.408584
QUIC,sensor_rpi4,ECDSAP256,sensor_rpi4,54.827115
QUIC,sensor_rpi4,ECDSAP256,sensor_rpi4,54.967341
QUIC,sensor_rpi4,ECDSAP256,sensor_rpi4,54.446398
QUIC,sensor_rpi4,ECDSAP256,sensor_rpi4,54.613574
QUIC,sensor_rpi4,ECDSAP256,sensor_rpi4,54.681412
QUIC,sensor_rpi4,ECDSAP256,sensor_rpi4,54.740712
QUIC,sensor_rpi4,ECDSAP256,sensor_rpi4,54.600519
QUIC,sensor_rpi4,ECDSAP256,sensor_rpi4,54.661354
QUIC,sensor_rpi4,ECDSAP256,sensor_rpi4,54.553196
QUIC,sensor_rpi4,ECDSAP256,sensor_rpi4,54.706667
QUIC,sensor_rpi4,ECDSAP256,sensor_rpi4,55.397673
QUIC,sensor_rpi4,ECDSAP256,sensor_rpi4,54.677615
QUIC,sensor_rpi4,ECDSAP256,sensor_rpi4,54.588439
QUIC,sensor_rpi4,ECDSAP256,sensor_rpi4,141.264891
QUIC,sensor_rpi4,ECDSAP256,sensor_rpi4,54.671537
QUIC,sensor_rpi4,ECDSAP256,sensor_rpi4,57.081692
QUIC,sensor_rpi4,ECDSAP256,sensor_rpi4,54.86049
TCP-tls1.2,sensor_rpi4,ECDSAP256,sensor_rpi4,112.548003
TCP-tls1.2,sensor_rpi4,ECDSAP256,sensor_rpi4,108.258484
TCP-tls1.2,sensor_rpi4,ECDSAP256,sensor_rpi4,110.136556
TCP-tls1.2,sensor_rpi4,ECDSAP256,sensor_rpi4,109.200701
TCP-tls1.2,sensor_rpi4,ECDSAP256,sensor_rpi4,110.157584
TCP-tls1.2,sensor_rpi4,ECDSAP256,sensor_rpi4,111.290002
TCP-tls1.2,sensor_rpi4,ECDSAP256,sensor_rpi4,115.556458
TCP-tls1.2,sensor_rpi4,ECDSAP256,sensor_rpi4,110.239368
TCP-tls1.2,sensor_rpi4,ECDSAP256,sensor_rpi4,110.598363
TCP-tls1.2,sensor_rpi4,ECDSAP256,sensor_rpi4,111.948222
TCP-tls1.2,sensor_rpi4,ECDSAP256,sensor_rpi4,107.773511
TCP-tls1.2,sensor_rpi4,ECDSAP256,sensor_rpi4,104.913824
TCP-tls1.2,sensor_rpi4,ECDSAP256,sensor_rpi4,102.903908
TCP-tls1.2,sensor_rpi4,ECDSAP256,sensor_rpi4,110.640441
TCP-tls1.2,sensor_rpi4,ECDSAP256,sensor_rpi4,107.183976
TCP-tls1.2,sensor_rpi4,ECDSAP256,sensor_rpi4,106.835234
TCP-tls1.2,sensor_rpi4,ECDSAP256,sensor_rpi4,112.403843
TCP-tls1.2,sensor_rpi4,ECDSAP256,sensor_rpi4,109.247929
TCP-tls1.2,sensor_rpi4,ECDSAP256,sensor_rpi4,100.028306
TCP-tls1.2,sensor_rpi4,ECDSAP256,sensor_rpi4,107.709743
TCP-tls1.2,sensor_rpi4,ECDSAP256,sensor_rpi4,110.682658
TCP-tls1.2,sensor_rpi4,ECDSAP256,sensor_rpi4,110.918604
TCP-tls1.2,sensor_rpi4,ECDSAP256,sensor_rpi4,106.093778
TCP-tls1.2,sensor_rpi4,ECDSAP256,sensor_rpi4,110.426489
TCP-tls1.2,sensor_rpi4,ECDSAP256,sensor_rpi4,105.417463
TCP-tls1.2,sensor_rpi4,ECDSAP256,sensor_rpi4,104.364657
TCP-tls1.2,sensor_rpi4,ECDSAP256,sensor_rpi4,107.280842
TCP-tls1.2,sensor_rpi4,ECDSAP256,sensor_rpi4,99.137901
TCP-tls1.2,sensor_rpi4,ECDSAP256,sensor_rpi4,110.582645
TCP-tls1.2,sensor_rpi4,ECDSAP256,sensor_rpi4,106.842362
TCP-tls1.2,sensor_rpi4,ECDSAP256,sensor_rpi4,110.046458
TCP-tls1.2,sensor_rpi4,ECDSAP256,sensor_rpi4,108.912547
TCP-tls1.2,sensor_rpi4,ECDSAP256,sensor_rpi4,108.880125
TCP-tls1.2,sensor_rpi4,ECDSAP256,sensor_rpi4,111.11493
TCP-tls1.2,sensor_rpi4,ECDSAP256,sensor_rpi4,111.175019
TCP-tls1.2,sensor_rpi4,ECDSAP256,sensor_rpi4,103.209732
TCP-tls1.2,sensor_rpi4,ECDSAP256,sensor_rpi4,110.890348
TCP-tls1.2,sensor_rpi4,ECDSAP256,sensor_rpi4,103.245715
TCP-tls1.2,sensor_rpi4,ECDSAP256,sensor_rpi4,100.901964
TCP-tls1.2,sensor_rpi4,ECDSAP256,sensor_rpi4,106.339162
TCP-tls1.2,sensor_rpi4,ECDSAP256,sensor_rpi4,111.904121
TCP-tls1.2,sensor_rpi4,ECDSAP256,sensor_rpi4,110.53229
TCP-tls1.2,sensor_rpi4,ECDSAP256,sensor_rpi4,107.05336
TCP-tls1.2,sensor_rpi4,ECDSAP256,sensor_rpi4,107.645422
TCP-tls1.2,sensor_rpi4,ECDSAP256,sensor_rpi4,106.215858
TCP-tls1.2,sensor_rpi4,ECDSAP256,sensor_rpi4,109.314154
TCP-tls1.2,sensor_rpi4,ECDSAP256,sensor_rpi4,108.050003
TCP-tls1.2,sensor_rpi4,ECDSAP256,sensor_rpi4,108.497997
TCP-tls1.2,sensor_rpi4,ECDSAP256,sensor_rpi4,106.472115
TCP-tls1.2,sensor_rpi4,ECDSAP256,sensor_rpi4,111.553167
TCP-tls1.3,sensor_rpi4,ECDSAP256,sensor_rpi4,110.941421
TCP-tls1.3,sensor_rpi4,ECDSAP256,sensor_rpi4,108.550981
TCP-tls1.3,sensor_rpi4,ECDSAP256,sensor_rpi4,104.86626
TCP-tls1.3,sensor_rpi4,ECDSAP256,sensor_rpi4,107.525647
TCP-tls1.3,sensor_rpi4,ECDSAP256,sensor_rpi4,106.920422
TCP-tls1.3,sensor_rpi4,ECDSAP256,sensor_rpi4,107.473317
TCP-tls1.3,sensor_rpi4,ECDSAP256,sensor_rpi4,110.540649
TCP-tls1.3,sensor_rpi4,ECDSAP256,sensor_rpi4,111.903042
TCP-tls1.3,sensor_rpi4,ECDSAP256,sensor_rpi4,109.25824
TCP-tls1.3,sensor_rpi4,ECDSAP256,sensor_rpi4,105.124076
TCP-tls1.3,sensor_rpi4,ECDSAP256,sensor_rpi4,103.669662
TCP-tls1.3,sensor_rpi4,ECDSAP256,sensor_rpi4,106.950751
TCP-tls1.3,sensor_rpi4,ECDSAP256,sensor_rpi4,133.093176
TCP-tls1.3,sensor_rpi4,ECDSAP256,sensor_rpi4,111.461133
TCP-tls1.3,sensor_rpi4,ECDSAP256,sensor_rpi4,107.581195
TCP-tls1.3,sensor_rpi4,ECDSAP256,sensor_rpi4,121.1694
TCP-tls1.3,sensor_rpi4,ECDSAP256,sensor_rpi4,107.127096
TCP-tls1.3,sensor_rpi4,ECDSAP256,sensor_rpi4,106.837808
TCP-tls1.3,sensor_rpi4,ECDSAP256,sensor_rpi4,106.954589
TCP-tls1.3,sensor_rpi4,ECDSAP256,sensor_rpi4,103.257199
TCP-tls1.3,sensor_rpi4,ECDSAP256,sensor_rpi4,107.187048
TCP-tls1.3,sensor_rpi4,ECDSAP256,sensor_rpi4,104.98186
TCP-tls1.3,sensor_rpi4,ECDSAP256,sensor_rpi4,107.043194
TCP-tls1.3,sensor_rpi4,ECDSAP256,sensor_rpi4,109.868439
TCP-tls1.3,sensor_rpi4,ECDSAP256,sensor_rpi4,107.95407
TCP-tls1.3,sensor_rpi4,ECDSAP256,sensor_rpi4,107.345218
TCP-tls1.3,sensor_rpi4,ECDSAP256,sensor_rpi4,107.638474
TCP-tls1.3,sensor_rpi4,ECDSAP256,sensor_rpi4,107.43744
TCP-tls1.3,sensor_rpi4,ECDSAP256,sensor_rpi4,107.771764
TCP-tls1.3,sensor_rpi4,ECDSAP256,sensor_rpi4,106.854001
TCP-tls1.3,sensor_rpi4,ECDSAP256,sensor_rpi4,107.015978
TCP-tls1.3,sensor_rpi4,ECDSAP256,sensor_rpi4,107.429189
TCP-tls1.3,sensor_rpi4,ECDSAP256,sensor_rpi4,107.02442
TCP-tls1.3,sensor_rpi4,ECDSAP256,sensor_rpi4,110.04357
TCP-tls1.3,sensor_rpi4,ECDSAP256,sensor_rpi4,106.51078
TCP-tls1.3,sensor_rpi4,ECDSAP256,sensor_rpi4,108.198188
TCP-tls1.3,sensor_rpi4,ECDSAP256,sensor_rpi4,107.627956
TCP-tls1.3,sensor_rpi4,ECDSAP256,sensor_rpi4,104.215387
TCP-tls1.3,sensor_rpi4,ECDSAP256,sensor_rpi4,106.836167
TCP-tls1.3,sensor_rpi4,ECDSAP256,sensor_rpi4,107.457173
TCP-tls1.3,sensor_rpi4,ECDSAP256,sensor_rpi4,110.926726
TCP-tls1.3,sensor_rpi4,ECDSAP256,sensor_rpi4,110.9128
TCP-tls1.3,sensor_rpi4,ECDSAP256,sensor_rpi4,109.277651
TCP-tls1.3,sensor_rpi4,ECDSAP256,sensor_rpi4,108.946198
TCP-tls1.3,sensor_rpi4,ECDSAP256,sensor_rpi4,106.733291
TCP-tls1.3,sensor_rpi4,ECDSAP256,sensor_rpi4,108.763309
TCP-tls1.3,sensor_rpi4,ECDSAP256,sensor_rpi4,109.305539
TCP-tls1.3,sensor_rpi4,ECDSAP256,sensor_rpi4,101.411157
TCP-tls1.3,sensor_rpi4,ECDSAP256,sensor_rpi4,108.827544
TCP-tls1.3,sensor_rpi4,ECDSAP256,sensor_rpi4,108.98376
QUIC,sensor_rpi4,ECDSAP384,sensor_rpi4,59.816806
QUIC,sensor_rpi4,ECDSAP384,sensor_rpi4,57.187585
QUIC,sensor_rpi4,ECDSAP384,sensor_rpi4,57.556137
QUIC,sensor_rpi4,ECDSAP384,sensor_rpi4,57.311874
QUIC,sensor_rpi4,ECDSAP384,sensor_rpi4,57.192846
QUIC,sensor_rpi4,ECDSAP384,sensor_rpi4,113.681122
QUIC,sensor_rpi4,ECDSAP384,sensor_rpi4,57.759577
QUIC,sensor_rpi4,ECDSAP384,sensor_rpi4,56.032658
QUIC,sensor_rpi4,ECDSAP384,sensor_rpi4,58.827521
QUIC,sensor_rpi4,ECDSAP384,sensor_rpi4,57.904715
QUIC,sensor_rpi4,ECDSAP384,sensor_rpi4,57.408965
QUIC,sensor_rpi4,ECDSAP384,sensor_rpi4,57.933191
QUIC,sensor_rpi4,ECDSAP384,sensor_rpi4,57.173282
QUIC,sensor_rpi4,ECDSAP384,sensor_rpi4,57.868171
QUIC,sensor_rpi4,ECDSAP384,sensor_rpi4,57.069033
QUIC,sensor_rpi4,ECDSAP384,sensor_rpi4,57.578559
QUIC,sensor_rpi4,ECDSAP384,sensor_rpi4,58.490509
QUIC,sensor_rpi4,ECDSAP384,sensor_rpi4,59.296135
QUIC,sensor_rpi4,ECDSAP384,sensor_rpi4,65.128957
QUIC,sensor_rpi4,ECDSAP384,sensor_rpi4,56.829409
QUIC,sensor_rpi4,ECDSAP384,sensor_rpi4,59.193872
QUIC,sensor_rpi4,ECDSAP384,sensor_rpi4,57.05592
QUIC,sensor_rpi4,ECDSAP384,sensor_rpi4,57.331849
QUIC,sensor_rpi4,ECDSAP384,sensor_rpi4,61.650561
QUIC,sensor_rpi4,ECDSAP384,sensor_rpi4,60.566489
QUIC,sensor_rpi4,ECDSAP384,sensor_rpi4,60.343829
QUIC,sensor_rpi4,ECDSAP384,sensor_rpi4,56.934258
QUIC,sensor_rpi4,ECDSAP384,sensor_rpi4,56.962965
QUIC,sensor_rpi4,ECDSAP384,sensor_rpi4,71.738751
QUIC,sensor_rpi4,ECDSAP384,sensor_rpi4,58.113854
QUIC,sensor_rpi4,ECDSAP384,sensor_rpi4,57.160531
QUIC,sensor_rpi4,ECDSAP384,sensor_rpi4,56.974515
QUIC,sensor_rpi4,ECDSAP384,sensor_rpi4,56.894227
QUIC,sensor_rpi4,ECDSAP384,sensor_rpi4,57.131971
QUIC,sensor_rpi4,ECDSAP384,sensor_rpi4,56.894397
QUIC,sensor_rpi4,ECDSAP384,sensor_rpi4,58.110107
QUIC,sensor_rpi4,ECDSAP384,sensor_rpi4,57.145076
QUIC,sensor_rpi4,ECDSAP384,sensor_rpi4,57.441936
QUIC,sensor_rpi4,ECDSAP384,sensor_rpi4,57.685443
QUIC,sensor_rpi4,ECDSAP384,sensor_rpi4,57.252834
QUIC,sensor_rpi4,ECDSAP384,sensor_rpi4,57.949079
QUIC,sensor_rpi4,ECDSAP384,sensor_rpi4,57.258832
QUIC,sensor_rpi4,ECDSAP384,sensor_rpi4,57.710191
QUIC,sensor_rpi4,ECDSAP384,sensor_rpi4,57.179113
QUIC,sensor_rpi4,ECDSAP384,sensor_rpi4,57.10603
QUIC,sensor_rpi4,ECDSAP384,sensor_rpi4,57.016902
QUIC,sensor_rpi4,ECDSAP384,sensor_rpi4,58.169619
QUIC,sensor_rpi4,ECDSAP384,sensor_rpi4,60.885815
QUIC,sensor_rpi4,ECDSAP384,sensor_rpi4,61.325616
QUIC,sensor_rpi4,ECDSAP384,sensor_rpi4,57.539746
TCP-tls1.2,sensor_rpi4,ECDSAP384,sensor_rpi4,111.711615
TCP-tls1.2,sensor_rpi4,ECDSAP384,sensor_rpi4,112.291922
TCP-tls1.2,sensor_rpi4,ECDSAP384,sensor_rpi4,111.72652
TCP-tls1.2,sensor_rpi4,ECDSAP384,sensor_rpi4,118.307495
TCP-tls1.2,sensor_rpi4,ECDSAP384,sensor_rpi4,112.029725
TCP-tls1.2,sensor_rpi4,ECDSAP384,sensor_rpi4,112.209427
TCP-tls1.2,sensor_rpi4,ECDSAP384,sensor_rpi4,110.915603
TCP-tls1.2,sensor_rpi4,ECDSAP384,sensor_rpi4,111.117155
TCP-tls1.2,sensor_rpi4,ECDSAP384,sensor_rpi4,115.58682
TCP-tls1.2,sensor_rpi4,ECDSAP384,sensor_rpi4,111.302665
TCP-tls1.2,sensor_rpi4,ECDSAP384,sensor_rpi4,111.140264
TCP-tls1.2,sensor_rpi4,ECDSAP384,sensor_rpi4,107.936072
TCP-tls1.2,sensor_rpi4,ECDSAP384,sensor_rpi4,113.132526
TCP-tls1.2,sensor_rpi4,ECDSAP384,sensor_rpi4,119.237839
TCP-tls1.2,sensor_rpi4,ECDSAP384,sensor_rpi4,104.849692
TCP-tls1.2,sensor_rpi4,ECDSAP384,sensor_rpi4,110.326638
TCP-tls1.2,sensor_rpi4,ECDSAP384,sensor_rpi4,110.431698
TCP-tls1.2,sensor_rpi4,ECDSAP384,sensor_rpi4,111.16819
TCP-tls1.2,sensor_rpi4,ECDSAP384,sensor_rpi4,111.668467
TCP-tls1.2,sensor_rpi4,ECDSAP384,sensor_rpi4,111.125544
TCP-tls1.2,sensor_rpi4,ECDSAP384,sensor_rpi4,110.45519
TCP-tls1.2,sensor_rpi4,ECDSAP384,sensor_rpi4,107.616222
TCP-tls1.2,sensor_rpi4,ECDSAP384,sensor_rpi4,111.791213
TCP-tls1.2,sensor_rpi4,ECDSAP384,sensor_rpi4,110.322215
TCP-tls1.2,sensor_rpi4,ECDSAP384,sensor_rpi4,111.739029
TCP-tls1.2,sensor_rpi4,ECDSAP384,sensor_rpi4,110.81915
TCP-tls1.2,sensor_rpi4,ECDSAP384,sensor_rpi4,112.288592
TCP-tls1.2,sensor_rpi4,ECDSAP384,sensor_rpi4,103.070332
TCP-tls1.2,sensor_rpi4,ECDSAP384,sensor_rpi4,111.285087
TCP-tls1.2,sensor_rpi4,ECDSAP384,sensor_rpi4,105.588185
TCP-tls1.2,sensor_rpi4,ECDSAP384,sensor_rpi4,110.917951
TCP-tls1.2,sensor_rpi4,ECDSAP384,sensor_rpi4,108.466136
TCP-tls1.2,sensor_rpi4,ECDSAP384,sensor_rpi4,110.735203
TCP-tls1.2,sensor_rpi4,ECDSAP384,sensor_rpi4,111.32503
TCP-tls1.2,sensor_rpi4,ECDSAP384,sensor_rpi4,110.850417
TCP-tls1.2,sensor_rpi4,ECDSAP384,sensor_rpi4,110.84446
TCP-tls1.2,sensor_rpi4,ECDSAP384,sensor_rpi4,112.990423
TCP-tls1.2,sensor_rpi4,ECDSAP384,sensor_rpi4,110.818426
TCP-tls1.2,sensor_rpi4,ECDSAP384,sensor_rpi4,111.001291
TCP-tls1.2,sensor_rpi4,ECDSAP384,sensor_rpi4,110.779484
TCP-tls1.2,sensor_rpi4,ECDSAP384,sensor_rpi4,111.587792
TCP-tls1.2,sensor_rpi4,ECDSAP384,sensor_rpi4,111.077307
TCP-tls1.2,sensor_rpi4,ECDSAP384,sensor_rpi4,326.852638
TCP-tls1.2,sensor_rpi4,ECDSAP384,sensor_rpi4,115.068647
TCP-tls1.2,sensor_rpi4,ECDSAP384,sensor_rpi4,110.873548
TCP-tls1.2,sensor_rpi4,ECDSAP384,sensor_rpi4,107.564438
TCP-tls1.2,sensor_rpi4,ECDSAP384,sensor_rpi4,110.486372
TCP-tls1.2,sensor_rpi4,ECDSAP384,sensor_rpi4,108.860845
TCP-tls1.2,sensor_rpi4,ECDSAP384,sensor_rpi4,110.651855
TCP-tls1.2,sensor_rpi4,ECDSAP384,sensor_rpi4,110.584064
TCP-tls1.3,sensor_rpi4,ECDSAP384,sensor_rpi4,110.916983
TCP-tls1.3,sensor_rpi4,ECDSAP384,sensor_rpi4,116.075509
TCP-tls1.3,sensor_rpi4,ECDSAP384,sensor_rpi4,110.567801
TCP-tls1.3,sensor_rpi4,ECDSAP384,sensor_rpi4,110.896638
TCP-tls1.3,sensor_rpi4,ECDSAP384,sensor_rpi4,111.658252
TCP-tls1.3,sensor_rpi4,ECDSAP384,sensor_rpi4,114.83235
TCP-tls1.3,sensor_rpi4,ECDSAP384,sensor_rpi4,111.440597
TCP-tls1.3,sensor_rpi4,ECDSAP384,sensor_rpi4,111.034762
TCP-tls1.3,sensor_rpi4,ECDSAP384,sensor_rpi4,110.327263
TCP-tls1.3,sensor_rpi4,ECDSAP384,sensor_rpi4,112.274663
TCP-tls1.3,sensor_rpi4,ECDSAP384,sensor_rpi4,111.333908
TCP-tls1.3,sensor_rpi4,ECDSAP384,sensor_rpi4,110.86446
TCP-tls1.3,sensor_rpi4,ECDSAP384,sensor_rpi4,112.363534
TCP-tls1.3,sensor_rpi4,ECDSAP384,sensor_rpi4,109.36686
TCP-tls1.3,sensor_rpi4,ECDSAP384,sensor_rpi4,110.868453
TCP-tls1.3,sensor_rpi4,ECDSAP384,sensor_rpi4,113.476234
TCP-tls1.3,sensor_rpi4,ECDSAP384,sensor_rpi4,107.957271
TCP-tls1.3,sensor_rpi4,ECDSAP384,sensor_rpi4,111.185331
TCP-tls1.3,sensor_rpi4,ECDSAP384,sensor_rpi4,111.756597
TCP-tls1.3,sensor_rpi4,ECDSAP384,sensor_rpi4,111.111709
TCP-tls1.3,sensor_rpi4,ECDSAP384,sensor_rpi4,112.199261
TCP-tls1.3,sensor_rpi4,ECDSAP384,sensor_rpi4,110.956742
TCP-tls1.3,sensor_rpi4,ECDSAP384,sensor_rpi4,110.916951
TCP-tls1.3,sensor_rpi4,ECDSAP384,sensor_rpi4,113.109307
TCP-tls1.3,sensor_rpi4,ECDSAP384,sensor_rpi4,115.115608
TCP-tls1.3,sensor_rpi4,ECDSAP384,sensor_rpi4,107.883327
TCP-tls1.3,sensor_rpi4,ECDSAP384,sensor_rpi4,112.187004
TCP-tls1.3,sensor_rpi4,ECDSAP384,sensor_rpi4,109.694982
TCP-tls1.3,sensor_rpi4,ECDSAP384,sensor_rpi4,111.113255
TCP-tls1.3,sensor_rpi4,ECDSAP384,sensor_rpi4,110.906304
TCP-tls1.3,sensor_rpi4,ECDSAP384,sensor_rpi4,110.97229
TCP-tls1.3,sensor_rpi4,ECDSAP384,sensor_rpi4,110.481229
TCP-tls1.3,sensor_rpi4,ECDSAP384,sensor_rpi4,111.215448
TCP-tls1.3,sensor_rpi4,ECDSAP384,sensor_rpi4,111.154065
TCP-tls1.3,sensor_rpi4,ECDSAP384,sensor_rpi4,112.229469
TCP-tls1.3,sensor_rpi4,ECDSAP384,sensor_rpi4,111.016251
TCP-tls1.3,sensor_rpi4,ECDSAP384,sensor_rpi4,111.080447
TCP-tls1.3,sensor_rpi4,ECDSAP384,sensor_rpi4,110.677745
TCP-tls1.3,sensor_rpi4,ECDSAP384,sensor_rpi4,111.023511
TCP-tls1.3,sensor_rpi4,ECDSAP384,sensor_rpi4,110.132172
TCP-tls1.3,sensor_rpi4,ECDSAP384,sensor_rpi4,110.925978
TCP-tls1.3,sensor_rpi4,ECDSAP384,sensor_rpi4,110.854219
TCP-tls1.3,sensor_rpi4,ECDSAP384,sensor_rpi4,111.845615
TCP-tls1.3,sensor_rpi4,ECDSAP384,sensor_rpi4,110.970045
TCP-tls1.3,sensor_rpi4,ECDSAP384,sensor_rpi4,107.743857
TCP-tls1.3,sensor_rpi4,ECDSAP384,sensor_rpi4,113.47205
TCP-tls1.3,sensor_rpi4,ECDSAP384,sensor_rpi4,110.959842
TCP-tls1.3,sensor_rpi4,ECDSAP384,sensor_rpi4,110.779712
TCP-tls1.3,sensor_rpi4,ECDSAP384,sensor_rpi4,110.901574
TCP-tls1.3,sensor_rpi4,ECDSAP384,sensor_rpi4,110.883138
QUIC,sensor_rpi4,Ed25519,sensor_rpi4,53.704939
QUIC,sensor_rpi4,Ed25519,sensor_rpi4,53.440109
QUIC,sensor_rpi4,Ed25519,sensor_rpi4,54.44306
QUIC,sensor_rpi4,Ed25519,sensor_rpi4,53.299133
QUIC,sensor_rpi4,Ed25519,sensor_rpi4,53.0771
QUIC,sensor_rpi4,Ed25519,sensor_rpi4,54.148262
QUIC,sensor_rpi4,Ed25519,sensor_rpi4,53.093213
QUIC,sensor_rpi4,Ed25519,sensor_rpi4,53.35185
QUIC,sensor_rpi4,Ed25519,sensor_rpi4,53.256337
QUIC,sensor_rpi4,Ed25519,sensor_rpi4,53.977325
QUIC,sensor_rpi4,Ed25519,sensor_rpi4,55.58825
QUIC,sensor_rpi4,Ed25519,sensor_rpi4,53.391349
QUIC,sensor_rpi4,Ed25519,sensor_rpi4,52.973724
QUIC,sensor_rpi4,Ed25519,sensor_rpi4,53.705818
QUIC,sensor_rpi4,Ed25519,sensor_rpi4,53.887799
QUIC,sensor_rpi4,Ed25519,sensor_rpi4,61.902303
QUIC,sensor_rpi4,Ed25519,sensor_rpi4,53.817203
QUIC,sensor_rpi4,Ed25519,sensor_rpi4,53.283873
QUIC,sensor_rpi4,Ed25519,sensor_rpi4,53.815255
QUIC,sensor_rpi4,Ed25519,sensor_rpi4,53.098188
QUIC,sensor_rpi4,Ed25519,sensor_rpi4,53.29231
QUIC,sensor_rpi4,Ed25519,sensor_rpi4,53.36974
QUIC,sensor_rpi4,Ed25519,sensor_rpi4,53.185621
QUIC,sensor_rpi4,Ed25519,sensor_rpi4,53.154788
QUIC,sensor_rpi4,Ed25519,sensor_rpi4,58.077331
QUIC,sensor_rpi4,Ed25519,sensor_rpi4,52.949411
QUIC,sensor_rpi4,Ed25519,sensor_rpi4,53.839008
QUIC,sensor_rpi4,Ed25519,sensor_rpi4,53.673873
QUIC,sensor_rpi4,Ed25519,sensor_rpi4,53.255471
QUIC,sensor_rpi4,Ed25519,sensor_rpi4,53.205132
QUIC,sensor_rpi4,Ed25519,sensor_rpi4,53.828726
QUIC,sensor_rpi4,Ed25519,sensor_rpi4,53.366336
QUIC,sensor_rpi4,Ed25519,sensor_rpi4,53.42195
QUIC,sensor_rpi4,Ed25519,sensor_rpi4,53.41822
QUIC,sensor_rpi4,Ed25519,sensor_rpi4,53.098543
QUIC,sensor_rpi4,Ed25519,sensor_rpi4,55.549163
QUIC,sensor_rpi4,Ed25519,sensor_rpi4,53.212406
QUIC,sensor_rpi4,Ed25519,sensor_rpi4,53.663211
QUIC,sensor_rpi4,Ed25519,sensor_rpi4,51.286351
QUIC,sensor_rpi4,Ed25519,sensor_rpi4,53.640256
QUIC,sensor_rpi4,Ed25519,sensor_rpi4,53.424337
QUIC,sensor_rpi4,Ed25519,sensor_rpi4,54.719175
QUIC,sensor_rpi4,Ed25519,sensor_rpi4,52.97032
QUIC,sensor_rpi4,Ed25519,sensor_rpi4,54.657222
QUIC,sensor_rpi4,Ed25519,sensor_rpi4,55.980164
QUIC,sensor_rpi4,Ed25519,sensor_rpi4,56.043034
QUIC,sensor_rpi4,Ed25519,sensor_rpi4,53.150675
QUIC,sensor_rpi4,Ed25519,sensor_rpi4,53.024131
QUIC,sensor_rpi4,Ed25519,sensor_rpi4,53.996761
QUIC,sensor_rpi4,Ed25519,sensor_rpi4,53.830265
TCP-tls1.2,sensor_rpi4,Ed25519,sensor_rpi4,111.046623
TCP-tls1.2,sensor_rpi4,Ed25519,sensor_rpi4,107.219766
TCP-tls1.2,sensor_rpi4,Ed25519,sensor_rpi4,111.865775
TCP-tls1.2,sensor_rpi4,Ed25519,sensor_rpi4,109.735938
TCP-tls1.2,sensor_rpi4,Ed25519,sensor_rpi4,109.041357
TCP-tls1.2,sensor_rpi4,Ed25519,sensor_rpi4,111.234295
TCP-tls1.2,sensor_rpi4,Ed25519,sensor_rpi4,109.812276
TCP-tls1.2,sensor_rpi4,Ed25519,sensor_rpi4,110.865666
TCP-tls1.2,sensor_rpi4,Ed25519,sensor_rpi4,111.401107
TCP-tls1.2,sensor_rpi4,Ed25519,sensor_rpi4,109.926294
TCP-tls1.2,sensor_rpi4,Ed25519,sensor_rpi4,110.683635
TCP-tls1.2,sensor_rpi4,Ed25519,sensor_rpi4,110.710416
TCP-tls1.2,sensor_rpi4,Ed25519,sensor_rpi4,111.016546
TCP-tls1.2,sensor_rpi4,Ed25519,sensor_rpi4,110.388278
TCP-tls1.2,sensor_rpi4,Ed25519,sensor_rpi4,111.168499
TCP-tls1.2,sensor_rpi4,Ed25519,sensor_rpi4,111.867871
TCP-tls1.2,sensor_rpi4,Ed25519,sensor_rpi4,110.944915
TCP-tls1.2,sensor_rpi4,Ed25519,sensor_rpi4,112.069613
TCP-tls1.2,sensor_rpi4,Ed25519,sensor_rpi4,111.744809
TCP-tls1.2,sensor_rpi4,Ed25519,sensor_rpi4,110.98063
TCP-tls1.2,sensor_rpi4,Ed25519,sensor_rpi4,112.386243
TCP-tls1.2,sensor_rpi4,Ed25519,sensor_rpi4,111.709399
TCP-tls1.2,sensor_rpi4,Ed25519,sensor_rpi4,109.559647
TCP-tls1.2,sensor_rpi4,Ed25519,sensor_rpi4,113.875431
TCP-tls1.2,sensor_rpi4,Ed25519,sensor_rpi4,112.336238
TCP-tls1.2,sensor_rpi4,Ed25519,sensor_rpi4,111.144876
TCP-tls1.2,sensor_rpi4,Ed25519,sensor_rpi4,111.022991
TCP-tls1.2,sensor_rpi4,Ed25519,sensor_rpi4,113.587442
TCP-tls1.2,sensor_rpi4,Ed25519,sensor_rpi4,110.591503
TCP-tls1.2,sensor_rpi4,Ed25519,sensor_rpi4,111.155809
TCP-tls1.2,sensor_rpi4,Ed25519,sensor_rpi4,116.632971
TCP-tls1.2,sensor_rpi4,Ed25519,sensor_rpi4,110.912682
TCP-tls1.2,sensor_rpi4,Ed25519,sensor_rpi4,110.775632
TCP-tls1.2,sensor_rpi4,Ed25519,sensor_rpi4,110.867044
TCP-tls1.2,sensor_rpi4,Ed25519,sensor_rpi4,112.209268
TCP-tls1.2,sensor_rpi4,Ed25519,sensor_rpi4,112.322639
TCP-tls1.2,sensor_rpi4,Ed25519,sensor_rpi4,112.909439
TCP-tls1.2,sensor_rpi4,Ed25519,sensor_rpi4,110.82721
TCP-tls1.2,sensor_rpi4,Ed25519,sensor_rpi4,111.851876
TCP-tls1.2,sensor_rpi4,Ed25519,sensor_rpi4,116.199745
TCP-tls1.2,sensor_rpi4,Ed25519,sensor_rpi4,112.276701
TCP-tls1.2,sensor_rpi4,Ed25519,sensor_rpi4,111.142244
TCP-tls1.2,sensor_rpi4,Ed25519,sensor_rpi4,111.105433
TCP-tls1.2,sensor_rpi4,Ed25519,sensor_rpi4,111.395234
TCP-tls1.2,sensor_rpi4,Ed25519,sensor_rpi4,111.663756
TCP-tls1.2,sensor_rpi4,Ed25519,sensor_rpi4,111.403761
TCP-tls1.2,sensor_rpi4,Ed25519,sensor_rpi4,111.33158
TCP-tls1.2,sensor_rpi4,Ed25519,sensor_rpi4,111.230712
TCP-tls1.2,sensor_rpi4,Ed25519,sensor_rpi4,108.664499
TCP-tls1.2,sensor_rpi4,Ed25519,sensor_rpi4,110.465151
TCP-tls1.3,sensor_rpi4,Ed25519,sensor_rpi4,111.016143
TCP-tls1.3,sensor_rpi4,Ed25519,sensor_rpi4,112.248254
TCP-tls1.3,sensor_rpi4,Ed25519,sensor_rpi4,112.60055
TCP-tls1.3,sensor_rpi4,Ed25519,sensor_rpi4,109.692888
TCP-tls1.3,sensor_rpi4,Ed25519,sensor_rpi4,109.355153
TCP-tls1.3,sensor_rpi4,Ed25519,sensor_rpi4,112.163862
TCP-tls1.3,sensor_rpi4,Ed25519,sensor_rpi4,111.034757
TCP-tls1.3,sensor_rpi4,Ed25519,sensor_rpi4,111.437871
TCP-tls1.3,sensor_rpi4,Ed25519,sensor_rpi4,110.54527
TCP-tls1.3,sensor_rpi4,Ed25519,sensor_rpi4,111.244789
TCP-tls1.3,sensor_rpi4,Ed25519,sensor_rpi4,111.463994
TCP-tls1.3,sensor_rpi4,Ed25519,sensor_rpi4,110.799338
TCP-tls1.3,sensor_rpi4,Ed25519,sensor_rpi4,106.301282
TCP-tls1.3,sensor_rpi4,Ed25519,sensor_rpi4,111.960963
TCP-tls1.3,sensor_rpi4,Ed25519,sensor_rpi4,111.852438
TCP-tls1.3,sensor_rpi4,Ed25519,sensor_rpi4,111.541628
TCP-tls1.3,sensor_rpi4,Ed25519,sensor_rpi4,111.644426
TCP-tls1.3,sensor_rpi4,Ed25519,sensor_rpi4,111.766334
TCP-tls1.3,sensor_rpi4,Ed25519,sensor_rpi4,112.631602
TCP-tls1.3,sensor_rpi4,Ed25519,sensor_rpi4,109.511275
TCP-tls1.3,sensor_rpi4,Ed25519,sensor_rpi4,113.270605
TCP-tls1.3,sensor_rpi4,Ed25519,sensor_rpi4,112.088267
TCP-tls1.3,sensor_rpi4,Ed25519,sensor_rpi4,112.525257
TCP-tls1.3,sensor_rpi4,Ed25519,sensor_rpi4,107.653746
TCP-tls1.3,sensor_rpi4,Ed25519,sensor_rpi4,110.866413
TCP-tls1.3,sensor_rpi4,Ed25519,sensor_rpi4,112.639426
TCP-tls1.3,sensor_rpi4,Ed25519,sensor_rpi4,115.094271
TCP-tls1.3,sensor_rpi4,Ed25519,sensor_rpi4,110.462733
TCP-tls1.3,sensor_rpi4,Ed25519,sensor_rpi4,110.986975
TCP-tls1.3,sensor_rpi4,Ed25519,sensor_rpi4,111.899628
TCP-tls1.3,sensor_rpi4,Ed25519,sensor_rpi4,111.123747
TCP-tls1.3,sensor_rpi4,Ed25519,sensor_rpi4,110.90568
TCP-tls1.3,sensor_rpi4,Ed25519,sensor_rpi4,110.923337
TCP-tls1.3,sensor_rpi4,Ed25519,sensor_rpi4,111.729117
TCP-tls1.3,sensor_rpi4,Ed25519,sensor_rpi4,111.487965
TCP-tls1.3,sensor_rpi4,Ed25519,sensor_rpi4,111.022076
TCP-tls1.3,sensor_rpi4,Ed25519,sensor_rpi4,112.017363
TCP-tls1.3,sensor_rpi4,Ed25519,sensor_rpi4,108.439818
TCP-tls1.3,sensor_rpi4,Ed25519,sensor_rpi4,105.752421
TCP-tls1.3,sensor_rpi4,Ed25519,sensor_rpi4,111.489811
TCP-tls1.3,sensor_rpi4,Ed25519,sensor_rpi4,255.436354
TCP-tls1.3,sensor_rpi4,Ed25519,sensor_rpi4,111.65842
TCP-tls1.3,sensor_rpi4,Ed25519,sensor_rpi4,113.99106
TCP-tls1.3,sensor_rpi4,Ed25519,sensor_rpi4,111.018755
TCP-tls1.3,sensor_rpi4,Ed25519,sensor_rpi4,110.901821
TCP-tls1.3,sensor_rpi4,Ed25519,sensor_rpi4,111.023333
TCP-tls1.3,sensor_rpi4,Ed25519,sensor_rpi4,111.280183
TCP-tls1.3,sensor_rpi4,Ed25519,sensor_rpi4,109.340587
TCP-tls1.3,sensor_rpi4,Ed25519,sensor_rpi4,108.30445
TCP-tls1.3,sensor_rpi4,Ed25519,sensor_rpi4,111.114471
QUIC,sensor_rpi4,RSA2048,sensor_rpi4,59.376028
QUIC,sensor_rpi4,RSA2048,sensor_rpi4,60.47876
QUIC,sensor_rpi4,RSA2048,sensor_rpi4,60.326856
QUIC,sensor_rpi4,RSA2048,sensor_rpi4,60.551581
QUIC,sensor_rpi4,RSA2048,sensor_rpi4,59.635239
QUIC,sensor_rpi4,RSA2048,sensor_rpi4,60.21249
QUIC,sensor_rpi4,RSA2048,sensor_rpi4,59.7505
QUIC,sensor_rpi4,RSA2048,sensor_rpi4,58.739347
QUIC,sensor_rpi4,RSA2048,sensor_rpi4,58.382853
QUIC,sensor_rpi4,RSA2048,sensor_rpi4,59.960597
QUIC,sensor_rpi4,RSA2048,sensor_rpi4,59.992719
QUIC,sensor_rpi4,RSA2048,sensor_rpi4,58.460378
QUIC,sensor_rpi4,RSA2048,sensor_rpi4,57.526818
QUIC,sensor_rpi4,RSA2048,sensor_rpi4,62.2089
QUIC,sensor_rpi4,RSA2048,sensor_rpi4,57.29455
QUIC,sensor_rpi4,RSA2048,sensor_rpi4,59.541021
QUIC,sensor_rpi4,RSA2048,sensor_rpi4,59.35321
QUIC,sensor_rpi4,RSA2048,sensor_rpi4,59.66246
QUIC,sensor_rpi4,RSA2048,sensor_rpi4,58.934955
QUIC,sensor_rpi4,RSA2048,sensor_rpi4,59.71683
QUIC,sensor_rpi4,RSA2048,sensor_rpi4,59.349742
QUIC,sensor_rpi4,RSA2048,sensor_rpi4,56.489654
QUIC,sensor_rpi4,RSA2048,sensor_rpi4,59.056816
QUIC,sensor_rpi4,RSA2048,sensor_rpi4,62.00386
QUIC,sensor_rpi4,RSA2048,sensor_rpi4,60.299693
QUIC,sensor_rpi4,RSA2048,sensor_rpi4,60.070475
QUIC,sensor_rpi4,RSA2048,sensor_rpi4,56.120364
QUIC,sensor_rpi4,RSA2048,sensor_rpi4,59.188308
QUIC,sensor_rpi4,RSA2048,sensor_rpi4,58.20948
QUIC,sensor_rpi4,RSA2048,sensor_rpi4,59.979804
QUIC,sensor_rpi4,RSA2048,sensor_rpi4,62.111698
QUIC,sensor_rpi4,RSA2048,sensor_rpi4,59.391166
QUIC,sensor_rpi4,RSA2048,sensor_rpi4,59.163475
QUIC,sensor_rpi4,RSA2048,sensor_rpi4,60.331798
QUIC,sensor_rpi4,RSA2048,sensor_rpi4,59.85505
QUIC,sensor_rpi4,RSA2048,sensor_rpi4,59.687789
QUIC,sensor_rpi4,RSA2048,sensor_rpi4,59.813012
QUIC,sensor_rpi4,RSA2048,sensor_rpi4,56.949585
QUIC,sensor_rpi4,RSA2048,sensor_rpi4,57.491886
QUIC,sensor_rpi4,RSA2048,sensor_rpi4,61.675357
QUIC,sensor_rpi4,RSA2048,sensor_rpi4,58.834334
QUIC,sensor_rpi4,RSA2048,sensor_rpi4,59.318617
QUIC,sensor_rpi4,RSA2048,sensor_rpi4,59.663614
QUIC,sensor_rpi4,RSA2048,sensor_rpi4,57.031904
QUIC,sensor_rpi4,RSA2048,sensor_rpi4,58.813975
QUIC,sensor_rpi4,RSA2048,sensor_rpi4,60.503522
QUIC,sensor_rpi4,RSA2048,sensor_rpi4,59.290081
QUIC,sensor_rpi4,RSA2048,sensor_rpi4,56.667692
QUIC,sensor_rpi4,RSA2048,sensor_rpi4,59.570274
QUIC,sensor_rpi4,RSA2048,sensor_rpi4,56.907469
TCP-tls1.2,sensor_rpi4,RSA2048,sensor_rpi4,115.115112
TCP-tls1.2,sensor_rpi4,RSA2048,sensor_rpi4,110.903265
TCP-tls1.2,sensor_rpi4,RSA2048,sensor_rpi4,111.535373
TCP-tls1.2,sensor_rpi4,RSA2048,sensor_rpi4,110.383979
TCP-tls1.2,sensor_rpi4,RSA2048,sensor_rpi4,108.267846
TCP-tls1.2,sensor_rpi4,RSA2048,sensor_rpi4,111.616723
TCP-tls1.2,sensor_rpi4,RSA2048,sensor_rpi4,109.814612
TCP-tls1.2,sensor_rpi4,RSA2048,sensor_rpi4,111.38742
TCP-tls1.2,sensor_rpi4,RSA2048,sensor_rpi4,110.759999
TCP-tls1.2,sensor_rpi4,RSA2048,sensor_rpi4,107.532524
TCP-tls1.2,sensor_rpi4,RSA2048,sensor_rpi4,110.815608
TCP-tls1.2,sensor_rpi4,RSA2048,sensor_rpi4,111.700957
TCP-tls1.2,sensor_rpi4,RSA2048,sensor_rpi4,121.787761
TCP-tls1.2,sensor_rpi4,RSA2048,sensor_rpi4,110.16085
TCP-tls1.2,sensor_rpi4,RSA2048,sensor_rpi4,113.233416
TCP-tls1.2,sensor_rpi4,RSA2048,sensor_rpi4,113.737854
TCP-tls1.2,sensor_rpi4,RSA2048,sensor_rpi4,111.823131
TCP-tls1.2,sensor_rpi4,RSA2048,sensor_rpi4,113.297437
TCP-tls1.2,sensor_rpi4,RSA2048,sensor_rpi4,116.277427
TCP-tls1.2,sensor_rpi4,RSA2048,sensor_rpi4,328.52447
TCP-tls1.2,sensor_rpi4,RSA2048,sensor_rpi4,108.304729
TCP-tls1.2,sensor_rpi4,RSA2048,sensor_rpi4,110.697542
TCP-tls1.2,sensor_rpi4,RSA2048,sensor_rpi4,112.483865
TCP-tls1.2,sensor_rpi4,RSA2048,sensor_rpi4,112.022951
TCP-tls1.2,sensor_rpi4,RSA2048,sensor_rpi4,111.27431
TCP-tls1.2,sensor_rpi4,RSA2048,sensor_rpi4,111.242897
TCP-tls1.2,sensor_rpi4,RSA2048,sensor_rpi4,110.530847
TCP-tls1.2,sensor_rpi4,RSA2048,sensor_rpi4,110.036228
TCP-tls1.2,sensor_rpi4,RSA2048,sensor_rpi4,111.05723
TCP-tls1.2,sensor_rpi4,RSA2048,sensor_rpi4,112.852094
TCP-tls1.2,sensor_rpi4,RSA2048,sensor_rpi4,113.288293
TCP-tls1.2,sensor_rpi4,RSA2048,sensor_rpi4,114.326152
TCP-tls1.2,sensor_rpi4,RSA2048,sensor_rpi4,112.987141
TCP-tls1.2,sensor_rpi4,RSA2048,sensor_rpi4,110.997612
TCP-tls1.2,sensor_rpi4,RSA2048,sensor_rpi4,112.059775
TCP-tls1.2,sensor_rpi4,RSA2048,sensor_rpi4,111.126856
TCP-tls1.2,sensor_rpi4,RSA2048,sensor_rpi4,111.533125
TCP-tls1.2,sensor_rpi4,RSA2048,sensor_rpi4,111.070759
TCP-tls1.2,sensor_rpi4,RSA2048,sensor_rpi4,115.078692
TCP-tls1.2,sensor_rpi4,RSA2048,sensor_rpi4,108.572847
TCP-tls1.2,sensor_rpi4,RSA2048,sensor_rpi4,110.663192
TCP-tls1.2,sensor_rpi4,RSA2048,sensor_rpi4,111.970611
TCP-tls1.2,sensor_rpi4,RSA2048,sensor_rpi4,111.88256
TCP-tls1.2,sensor_rpi4,RSA2048,sensor_rpi4,113.420473
TCP-tls1.2,sensor_rpi4,RSA2048,sensor_rpi4,115.149652
TCP-tls1.2,sensor_rpi4,RSA2048,sensor_rpi4,111.636655
TCP-tls1.2,sensor_rpi4,RSA2048,sensor_rpi4,110.554418
TCP-tls1.2,sensor_rpi4,RSA2048,sensor_rpi4,112.115995
TCP-tls1.2,sensor_rpi4,RSA2048,sensor_rpi4,111.378626
TCP-tls1.2,sensor_rpi4,RSA2048,sensor_rpi4,115.980608
TCP-tls1.3,sensor_rpi4,RSA2048,sensor_rpi4,111.487519
TCP-tls1.3,sensor_rpi4,RSA2048,sensor_rpi4,111.344289
TCP-tls1.3,sensor_rpi4,RSA2048,sensor_rpi4,111.568704
TCP-tls1.3,sensor_rpi4,RSA2048,sensor_rpi4,107.501459
TCP-tls1.3,sensor_rpi4,RSA2048,sensor_rpi4,112.522199
TCP-tls1.3,sensor_rpi4,RSA2048,sensor_rpi4,115.318232
TCP-tls1.3,sensor_rpi4,RSA2048,sensor_rpi4,110.862968
TCP-tls1.3,sensor_rpi4,RSA2048,sensor_rpi4,111.994577
TCP-tls1.3,sensor_rpi4,RSA2048,sensor_rpi4,109.485239
TCP-tls1.3,sensor_rpi4,RSA2048,sensor_rpi4,112.76738
TCP-tls1.3,sensor_rpi4,RSA2048,sensor_rpi4,111.027373
TCP-tls1.3,sensor_rpi4,RSA2048,sensor_rpi4,111.818625
TCP-tls1.3,sensor_rpi4,RSA2048,sensor_rpi4,111.760522
TCP-tls1.3,sensor_rpi4,RSA2048,sensor_rpi4,116.309357
TCP-tls1.3,sensor_rpi4,RSA2048,sensor_rpi4,105.654675
TCP-tls1.3,sensor_rpi4,RSA2048,sensor_rpi4,112.548738
TCP-tls1.3,sensor_rpi4,RSA2048,sensor_rpi4,129.947828
TCP-tls1.3,sensor_rpi4,RSA2048,sensor_rpi4,112.01288
TCP-tls1.3,sensor_rpi4,RSA2048,sensor_rpi4,110.540546
TCP-tls1.3,sensor_rpi4,RSA2048,sensor_rpi4,113.218321
TCP-tls1.3,sensor_rpi4,RSA2048,sensor_rpi4,111.237183
TCP-tls1.3,sensor_rpi4,RSA2048,sensor_rpi4,111.900784
TCP-tls1.3,sensor_rpi4,RSA2048,sensor_rpi4,111.213685
TCP-tls1.3,sensor_rpi4,RSA2048,sensor_rpi4,115.80217
TCP-tls1.3,sensor_rpi4,RSA2048,sensor_rpi4,111.773517
TCP-tls1.3,sensor_rpi4,RSA2048,sensor_rpi4,107.665199
TCP-tls1.3,sensor_rpi4,RSA2048,sensor_rpi4,115.09849
TCP-tls1.3,sensor_rpi4,RSA2048,sensor_rpi4,109.144306
TCP-tls1.3,sensor_rpi4,RSA2048,sensor_rpi4,109.974148
TCP-tls1.3,sensor_rpi4,RSA2048,sensor_rpi4,106.936186
TCP-tls1.3,sensor_rpi4,RSA2048,sensor_rpi4,111.021023
TCP-tls1.3,sensor_rpi4,RSA2048,sensor_rpi4,111.555124
TCP-tls1.3,sensor_rpi4,RSA2048,sensor_rpi4,113.908574
TCP-tls1.3,sensor_rpi4,RSA2048,sensor_rpi4,111.323321
TCP-tls1.3,sensor_rpi4,RSA2048,sensor_rpi4,111.095176
TCP-tls1.3,sensor_rpi4,RSA2048,sensor_rpi4,112.79863
TCP-tls1.3,sensor_rpi4,RSA2048,sensor_rpi4,111.309037
TCP-tls1.3,sensor_rpi4,RSA2048,sensor_rpi4,107.346329
TCP-tls1.3,sensor_rpi4,RSA2048,sensor_rpi4,111.099935
TCP-tls1.3,sensor_rpi4,RSA2048,sensor_rpi4,112.555966
TCP-tls1.3,sensor_rpi4,RSA2048,sensor_rpi4,111.245953
TCP-tls1.3,sensor_rpi4,RSA2048,sensor_rpi4,111.953497
TCP-tls1.3,sensor_rpi4,RSA2048,sensor_rpi4,107.497296
TCP-tls1.3,sensor_rpi4,RSA2048,sensor_rpi4,112.065783
TCP-tls1.3,sensor_rpi4,RSA2048,sensor_rpi4,112.410449
TCP-tls1.3,sensor_rpi4,RSA2048,sensor_rpi4,110.89895
TCP-tls1.3,sensor_rpi4,RSA2048,sensor_rpi4,111.276384
TCP-tls1.3,sensor_rpi4,RSA2048,sensor_rpi4,108.490106
TCP-tls1.3,sensor_rpi4,RSA2048,sensor_rpi4,112.209473
TCP-tls1.3,sensor_rpi4,RSA2048,sensor_rpi4,111.411998
QUIC,sensor_rpi4,RSA4096,sensor_rpi4,86.106202
QUIC,sensor_rpi4,RSA4096,sensor_rpi4,82.782057
QUIC,sensor_rpi4,RSA4096,sensor_rpi4,82.847216
QUIC,sensor_rpi4,RSA4096,sensor_rpi4,82.689764
QUIC,sensor_rpi4,RSA4096,sensor_rpi4,83.656754
QUIC,sensor_rpi4,RSA4096,sensor_rpi4,81.586086
QUIC,sensor_rpi4,RSA4096,sensor_rpi4,83.587619
QUIC,sensor_rpi4,RSA4096,sensor_rpi4,85.543975
QUIC,sensor_rpi4,RSA4096,sensor_rpi4,83.072446
QUIC,sensor_rpi4,RSA4096,sensor_rpi4,83.752843
QUIC,sensor_rpi4,RSA4096,sensor_rpi4,82.958364
QUIC,sensor_rpi4,RSA4096,sensor_rpi4,83.289715
QUIC,sensor_rpi4,RSA4096,sensor_rpi4,83.56969
QUIC,sensor_rpi4,RSA4096,sensor_rpi4,83.607797
QUIC,sensor_rpi4,RSA4096,sensor_rpi4,82.880728
QUIC,sensor_rpi4,RSA4096,sensor_rpi4,86.179608
QUIC,sensor_rpi4,RSA4096,sensor_rpi4,82.409856
QUIC,sensor_rpi4,RSA4096,sensor_rpi4,83.73223
QUIC,sensor_rpi4,RSA4096,sensor_rpi4,86.054967
QUIC,sensor_rpi4,RSA4096,sensor_rpi4,84.190386
QUIC,sensor_rpi4,RSA4096,sensor_rpi4,83.222152
QUIC,sensor_rpi4,RSA4096,sensor_rpi4,83.221734
QUIC,sensor_rpi4,RSA4096,sensor_rpi4,84.22128
QUIC,sensor_rpi4,RSA4096,sensor_rpi4,83.010566
QUIC,sensor_rpi4,RSA4096,sensor_rpi4,86.31844
QUIC,sensor_rpi4,RSA4096,sensor_rpi4,83.638136
QUIC,sensor_rpi4,RSA4096,sensor_rpi4,83.71786
QUIC,sensor_rpi4,RSA4096,sensor_rpi4,83.288487
QUIC,sensor_rpi4,RSA4096,sensor_rpi4,86.106639
QUIC,sensor_rpi4,RSA4096,sensor_rpi4,85.613414
QUIC,sensor_rpi4,RSA4096,sensor_rpi4,83.124593
QUIC,sensor_rpi4,RSA4096,sensor_rpi4,83.404139
QUIC,sensor_rpi4,RSA4096,sensor_rpi4,83.463058
QUIC,sensor_rpi4,RSA4096,sensor_rpi4,84.633987
QUIC,sensor_rpi4,RSA4096,sensor_rpi4,83.505975
QUIC,sensor_rpi4,RSA4096,sensor_rpi4,82.875333
QUIC,sensor_rpi4,RSA4096,sensor_rpi4,86.243106
QUIC,sensor_rpi4,RSA4096,sensor_rpi4,83.146392
QUIC,sensor_rpi4,RSA4096,sensor_rpi4,84.409639
QUIC,sensor_rpi4,RSA4096,sensor_rpi4,83.23992
QUIC,sensor_rpi4,RSA4096,sensor_rpi4,83.701162
QUIC,sensor_rpi4,RSA4096,sensor_rpi4,84.317486
QUIC,sensor_rpi4,RSA4096,sensor_rpi4,84.014943
QUIC,sensor_rpi4,RSA4096,sensor_rpi4,85.369938
QUIC,sensor_rpi4,RSA4096,sensor_rpi4,84.546452
QUIC,sensor_rpi4,RSA4096,sensor_rpi4,83.745381
QUIC,sensor_rpi4,RSA4096,sensor_rpi4,83.444353
QUIC,sensor_rpi4,RSA4096,sensor_rpi4,83.393872
QUIC,sensor_rpi4,RSA4096,sensor_rpi4,85.052113
QUIC,sensor_rpi4,RSA4096,sensor_rpi4,83.592784
TCP-tls1.2,sensor_rpi4,RSA4096,sensor_rpi4,140.86959
TCP-tls1.2,sensor_rpi4,RSA4096,sensor_rpi4,142.918111
TCP-tls1.2,sensor_rpi4,RSA4096,sensor_rpi4,143.253866
TCP-tls1.2,sensor_rpi4,RSA4096,sensor_rpi4,143.4239
TCP-tls1.2,sensor_rpi4,RSA4096,sensor_rpi4,147.293273
TCP-tls1.2,sensor_rpi4,RSA4096,sensor_rpi4,144.577621
TCP-tls1.2,sensor_rpi4,RSA4096,sensor_rpi4,142.602136
TCP-tls1.2,sensor_rpi4,RSA4096,sensor_rpi4,144.309369
TCP-tls1.2,sensor_rpi4,RSA4096,sensor_rpi4,143.454445
TCP-tls1.2,sensor_rpi4,RSA4096,sensor_rpi4,141.883757
TCP-tls1.2,sensor_rpi4,RSA4096,sensor_rpi4,142.848639
TCP-tls1.2,sensor_rpi4,RSA4096,sensor_rpi4,148.333708
TCP-tls1.2,sensor_rpi4,RSA4096,sensor_rpi4,147.789716
TCP-tls1.2,sensor_rpi4,RSA4096,sensor_rpi4,144.089072
TCP-tls1.2,sensor_rpi4,RSA4096,sensor_rpi4,146.097793
TCP-tls1.2,sensor_rpi4,RSA4096,sensor_rpi4,144.030528
TCP-tls1.2,sensor_rpi4,RSA4096,sensor_rpi4,138.805098
TCP-tls1.2,sensor_rpi4,RSA4096,sensor_rpi4,144.241279
TCP-tls1.2,sensor_rpi4,RSA4096,sensor_rpi4,143.962934
TCP-tls1.2,sensor_rpi4,RSA4096,sensor_rpi4,143.303729
TCP-tls1.2,sensor_rpi4,RSA4096,sensor_rpi4,139.514959
TCP-tls1.2,sensor_rpi4,RSA4096,sensor_rpi4,146.543008
TCP-tls1.2,sensor_rpi4,RSA4096,sensor_rpi4,142.623606
TCP-tls1.2,sensor_rpi4,RSA4096,sensor_rpi4,142.999051
TCP-tls1.2,sensor_rpi4,RSA4096,sensor_rpi4,145.070377
TCP-tls1.2,sensor_rpi4,RSA4096,sensor_rpi4,143.331146
TCP-tls1.2,sensor_rpi4,RSA4096,sensor_rpi4,147.428277
TCP-tls1.2,sensor_rpi4,RSA4096,sensor_rpi4,145.09328
TCP-tls1.2,sensor_rpi4,RSA4096,sensor_rpi4,144.074453
TCP-tls1.2,sensor_rpi4,RSA4096,sensor_rpi4,144.285382
TCP-tls1.2,sensor_rpi4,RSA4096,sensor_rpi4,144.004026
TCP-tls1.2,sensor_rpi4,RSA4096,sensor_rpi4,139.804706
TCP-tls1.2,sensor_rpi4,RSA4096,sensor_rpi4,141.197621
TCP-tls1.2,sensor_rpi4,RSA4096,sensor_rpi4,140.722621
TCP-tls1.2,sensor_rpi4,RSA4096,sensor_rpi4,143.843459
TCP-tls1.2,sensor_rpi4,RSA4096,sensor_rpi4,142.844526
TCP-tls1.2,sensor_rpi4,RSA4096,sensor_rpi4,137.677524
TCP-tls1.2,sensor_rpi4,RSA4096,sensor_rpi4,141.054643
TCP-tls1.2,sensor_rpi4,RSA4096,sensor_rpi4,142.684734
TCP-tls1.2,sensor_rpi4,RSA4096,sensor_rpi4,143.457419
TCP-tls1.2,sensor_rpi4,RSA4096,sensor_rpi4,142.956836
TCP-tls1.2,sensor_rpi4,RSA4096,sensor_rpi4,144.299182
TCP-tls1.2,sensor_rpi4,RSA4096,sensor_rpi4,143.814626
TCP-tls1.2,sensor_rpi4,RSA4096,sensor_rpi4,143.162933
TCP-tls1.2,sensor_rpi4,RSA4096,sensor_rpi4,144.076554
TCP-tls1.2,sensor_rpi4,RSA4096,sensor_rpi4,142.917404
TCP-tls1.2,sensor_rpi4,RSA4096,sensor_rpi4,144.28872
TCP-tls1.2,sensor_rpi4,RSA4096,sensor_rpi4,141.632568
TCP-tls1.2,sensor_rpi4,RSA4096,sensor_rpi4,129.543515
TCP-tls1.2,sensor_rpi4,RSA4096,sensor_rpi4,142.603977
TCP-tls1.3,sensor_rpi4,RSA4096,sensor_rpi4,142.532091
TCP-tls1.3,sensor_rpi4,RSA4096,sensor_rpi4,131.887588
TCP-tls1.3,sensor_rpi4,RSA4096,sensor_rpi4,142.647727
TCP-tls1.3,sensor_rpi4,RSA4096,sensor_rpi4,142.848117
TCP-tls1.3,sensor_rpi4,RSA4096,sensor_rpi4,142.860208
TCP-tls1.3,sensor_rpi4,RSA4096,sensor_rpi4,145.077549
TCP-tls1.3,sensor_rpi4,RSA4096,sensor_rpi4,126.563161
TCP-tls1.3,sensor_rpi4,RSA4096,sensor_rpi4,143.498538
TCP-tls1.3,sensor_rpi4,RSA4096,sensor_rpi4,142.84121
TCP-tls1.3,sensor_rpi4,RSA4096,sensor_rpi4,135.35358
TCP-tls1.3,sensor_rpi4,RSA4096,sensor_rpi4,142.691198
TCP-tls1.3,sensor_rpi4,RSA4096,sensor_rpi4,143.222842
TCP-tls1.3,sensor_rpi4,RSA4096,sensor_rpi4,146.741803
TCP-tls1.3,sensor_rpi4,RSA4096,sensor_rpi4,129.508423
TCP-tls1.3,sensor_rpi4,RSA4096,sensor_rpi4,143.190685
TCP-tls1.3,sensor_rpi4,RSA4096,sensor_rpi4,142.261335
TCP-tls1.3,sensor_rpi4,RSA4096,sensor_rpi4,146.12695
TCP-tls1.3,sensor_rpi4,RSA4096,sensor_rpi4,388.636658
TCP-tls1.3,sensor_rpi4,RSA4096,sensor_rpi4,143.595923
TCP-tls1.3,sensor_rpi4,RSA4096,sensor_rpi4,141.694012
TCP-tls1.3,sensor_rpi4,RSA4096,sensor_rpi4,140.181551
TCP-tls1.3,sensor_rpi4,RSA4096,sensor_rpi4,146.365737
TCP-tls1.3,sensor_rpi4,RSA4096,sensor_rpi4,140.623797
TCP-tls1.3,sensor_rpi4,RSA4096,sensor_rpi4,139.167423
TCP-tls1.3,sensor_rpi4,RSA4096,sensor_rpi4,143.516013
TCP-tls1.3,sensor_rpi4,RSA4096,sensor_rpi4,138.88124
TCP-tls1.3,sensor_rpi4,RSA4096,sensor_rpi4,145.282494
TCP-tls1.3,sensor_rpi4,RSA4096,sensor_rpi4,138.797273
TCP-tls1.3,sensor_rpi4,RSA4096,sensor_rpi4,142.903889
TCP-tls1.3,sensor_rpi4,RSA4096,sensor_rpi4,139.716482
TCP-tls1.3,sensor_rpi4,RSA4096,sensor_rpi4,143.867604
TCP-tls1.3,sensor_rpi4,RSA4096,sensor_rpi4,143.474067
TCP-tls1.3,sensor_rpi4,RSA4096,sensor_rpi4,143.229746
TCP-tls1.3,sensor_rpi4,RSA4096,sensor_rpi4,137.93612
TCP-tls1.3,sensor_rpi4,RSA4096,sensor_rpi4,140.576709
TCP-tls1.3,sensor_rpi4,RSA4096,sensor_rpi4,143.472811
TCP-tls1.3,sensor_rpi4,RSA4096,sensor_rpi4,142.747044
TCP-tls1.3,sensor_rpi4,RSA4096,sensor_rpi4,137.711027
TCP-tls1.3,sensor_rpi4,RSA4096,sensor_rpi4,139.252844
TCP-tls1.3,sensor_rpi4,RSA4096,sensor_rpi4,143.018167
TCP-tls1.3,sensor_rpi4,RSA4096,sensor_rpi4,143.168764
TCP-tls1.3,sensor_rpi4,RSA4096,sensor_rpi4,141.160469
TCP-tls1.3,sensor_rpi4,RSA4096,sensor_rpi4,137.698821
TCP-tls1.3,sensor_rpi4,RSA4096,sensor_rpi4,143.752442
TCP-tls1.3,sensor_rpi4,RSA4096,sensor_rpi4,140.314659
TCP-tls1.3,sensor_rpi4,RSA4096,sensor_rpi4,139.949515
TCP-tls1.3,sensor_rpi4,RSA4096,sensor_rpi4,143.083704
TCP-tls1.3,sensor_rpi4,RSA4096,sensor_rpi4,143.800718
TCP-tls1.3,sensor_rpi4,RSA4096,sensor_rpi4,142.999645
TCP-tls1.3,sensor_rpi4,RSA4096,sensor_rpi4,143.859455
